Workbook

Sheet Sheet4
A1: site_ID | B1: zone_type | C1: HBI
A2: CampSite_26_Control | B2: control | C2: 6.6744868
A3: CampSite_26_BoatLanding | B3: boatlanding | C3: 6.9186992
A4: CampSite_47C_Control | B4: control | C4: 7.9241071
A5: CampSite_47C_BoatLanding | B5: boatlanding | C5: 7.2735849
A6: Public_3_Control | B6: control | C6: 5.3666667
A7: Public_3_BoatLanding | B7: boatlanding | C7: 5.7436709
A8: Public_2_Control | B8: control | C8: 5.420398
A9: Public_2_BoatLanding | B9: boatlanding | C9: 5.3593407
A10: CampSite_1_Control | B10: control | C10: 7.1571125
A11: CampSite_1_BoatLanding | B11: boatlanding | C11: 6.5644699
A12: Public_1_Control | B12: control | C12: 6.6950904
A13: Public_1_BoatLanding | B13: boatlanding | C13: 7.1137441

Sheet Sheet1
A1: site_ID | B1: oligochaeta | C1: hirudinea | D1: planorbidae | E1: hydrachnidia | F1: amphipoda | G1: cambaridae | H1: chironomidae | I1: ceratopogonidae | J1: chaoboridae | K1: corduliidae | L1: ephemeridae | M1: ephemera | N1: heptageniidae | O1: ephemerellidae | P1: leptophlebiidae | Q1: caenidae | R1: metretopodidae | S1: sialis | T1: molannidae | U1: rhyacophilidae | V1: ostracoda | W1: cladocera | X1: copepoda | Y1: laccophilus | Z1: unknown_plecoptera | AA1: leptoceridae | AB1: sphaeriidae | AC1: total
A2: CampSite_26_Control | B2: =Sheet2!B2*Sheet3!$B$23 -> 4160 | C2: =Sheet2!C2*Sheet3!$B$15 -> 0 | D2: =Sheet2!D2*Sheet3!$B$25 -> 48 | E2: =Sheet2!E2*Sheet3!$B$16 -> 48 | F2: =Sheet2!F2*Sheet3!$B$2 -> 8624 | G2: =Sheet2!G2*Sheet3!$B$4 -> 96 | H2: =Sheet2!H2*Sheet3!$B$7 -> 1344 | I2: =Sheet2!I2*Sheet3!$B$5 -> 48 | J2: =Sheet2!J2*Sheet3!$B$6 -> 0 | K2: =Sheet2!K2*Sheet3!$B$10 -> 200 | L2: =Sheet2!L2*Sheet3!$B$13 -> 576 | M2: =Sheet2!M2*Sheet3!$B$11 -> 0 | N2: =Sheet2!N2*Sheet3!$B$14 -> 512 | O2: =Sheet2!O2*Sheet3!$B$12 -> 104 | P2: =Sheet2!P2*Sheet3!$B$20 -> 96 | Q2: =Sheet2!Q2*Sheet3!$B$3 -> 0 | R2: =Sheet2!R2*Sheet3!$B$21 -> 0 | S2: =Sheet2!S2*Sheet3!$B$28 -> 0 | T2: =Sheet2!T2*Sheet3!$B$22 -> 48 | U2: =Sheet2!U2*Sheet3!$B$27 -> 0 | V2: =Sheet2!V2*Sheet3!$B$24 -> 64 | W2: =Sheet2!W2*Sheet3!$B$8 -> 2240 | X2: =Sheet2!X2*Sheet3!$B$9 -> 0 | Y2: =Sheet2!Y2*Sheet3!$B$18 -> 0 | Z2: =Sheet2!Z2*Sheet3!$B$26 -> 0 | AA2: =Sheet2!AA2*Sheet3!$B$19 -> 0 | AB2: =Sheet2!AB2*Sheet3!$B$29 -> 0 | AC2: 2728
A3: CampSite_26_BoatLanding | B3: =Sheet2!B3*Sheet3!$B$23 -> 1344 | C3: =Sheet2!C3*Sheet3!$B$15 -> 0 | D3: =Sheet2!D3*Sheet3!$B$25 -> 0 | E3: =Sheet2!E3*Sheet3!$B$16 -> 0 | F3: =Sheet2!F3*Sheet3!$B$2 -> 2478 | G3: =Sheet2!G3*Sheet3!$B$4 -> 0 | H3: =Sheet2!H3*Sheet3!$B$7 -> 432 | I3: =Sheet2!I3*Sheet3!$B$5 -> 0 | J3: =Sheet2!J3*Sheet3!$B$6 -> 0 | K3: =Sheet2!K3*Sheet3!$B$10 -> 15 | L3: =Sheet2!L3*Sheet3!$B$13 -> 12 | M3: =Sheet2!M3*Sheet3!$B$11 -> 0 | N3: =Sheet2!N3*Sheet3!$B$14 -> 228 | O3: =Sheet2!O3*Sheet3!$B$12 -> 18 | P3: =Sheet2!P3*Sheet3!$B$20 -> 6 | Q3: =Sheet2!Q3*Sheet3!$B$3 -> 0 | R3: =Sheet2!R3*Sheet3!$B$21 -> 0 | S3: =Sheet2!S3*Sheet3!$B$28 -> 0 | T3: =Sheet2!T3*Sheet3!$B$22 -> 0 | U3: =Sheet2!U3*Sheet3!$B$27 -> 0 | V3: =Sheet2!V3*Sheet3!$B$24 -> 0 | W3: =Sheet2!W3*Sheet3!$B$8 -> 528 | X3: =Sheet2!X3*Sheet3!$B$9 -> 0 | Y3: =Sheet2!Y3*Sheet3!$B$18 -> 30 | Z3: =Sheet2!Z3*Sheet3!$B$26 -> 3 | AA3: =Sheet2!AA3*Sheet3!$B$19 -> 12 | AB3: =Sheet2!AB3*Sheet3!$B$29 -> 0 | AC3: 738
A4: CampSite_47C_Control | B4: =Sheet2!B4*Sheet3!$B$23 -> 4416 | C4: =Sheet2!C4*Sheet3!$B$15 -> 0 | D4: =Sheet2!D4*Sheet3!$B$25 -> 0 | E4: =Sheet2!E4*Sheet3!$B$16 -> 0 | F4: =Sheet2!F4*Sheet3!$B$2 -> 84 | G4: =Sheet2!G4*Sheet3!$B$4 -> 0 | H4: =Sheet2!H4*Sheet3!$B$7 -> 608 | I4: =Sheet2!I4*Sheet3!$B$5 -> 24 | J4: =Sheet2!J4*Sheet3!$B$6 -> 0 | K4: =Sheet2!K4*Sheet3!$B$10 -> 20 | L4: =Sheet2!L4*Sheet3!$B$13 -> 0 | M4: =Sheet2!M4*Sheet3!$B$11 -> 0 | N4: =Sheet2!N4*Sheet3!$B$14 -> 0 | O4: =Sheet2!O4*Sheet3!$B$12 -> 4 | P4: =Sheet2!P4*Sheet3!$B$20 -> 0 | Q4: =Sheet2!Q4*Sheet3!$B$3 -> 0 | R4: =Sheet2!R4*Sheet3!$B$21 -> 0 | S4: =Sheet2!S4*Sheet3!$B$28 -> 0 | T4: =Sheet2!T4*Sheet3!$B$22 -> 0 | U4: =Sheet2!U4*Sheet3!$B$27 -> 0 | V4: =Sheet2!V4*Sheet3!$B$24 -> 0 | W4: =Sheet2!W4*Sheet3!$B$8 -> 1824 | X4: =Sheet2!X4*Sheet3!$B$9 -> 96 | Y4: =Sheet2!Y4*Sheet3!$B$18 -> 0 | Z4: =Sheet2!Z4*Sheet3!$B$26 -> 0 | AA4: =Sheet2!AA4*Sheet3!$B$19 -> 0 | AB4: =Sheet2!AB4*Sheet3!$B$29 -> 24 | AC4: 896
A5: CampSite_47C_BoatLanding | B5: =Sheet2!B5*Sheet3!$B$23 -> 1344 | C5: =Sheet2!C5*Sheet3!$B$15 -> 0 | D5: =Sheet2!D5*Sheet3!$B$25 -> 0 | E5: =Sheet2!E5*Sheet3!$B$16 -> 0 | F5: =Sheet2!F5*Sheet3!$B$2 -> 3427.2 | G5: =Sheet2!G5*Sheet3!$B$4 -> 28.8 | H5: =Sheet2!H5*Sheet3!$B$7 -> 1152 | I5: =Sheet2!I5*Sheet3!$B$5 -> 28.8 | J5: =Sheet2!J5*Sheet3!$B$6 -> 0 | K5: =Sheet2!K5*Sheet3!$B$10 -> 0 | L5: =Sheet2!L5*Sheet3!$B$13 -> 0 | M5: =Sheet2!M5*Sheet3!$B$11 -> 0 | N5: =Sheet2!N5*Sheet3!$B$14 -> 38.4 | O5: =Sheet2!O5*Sheet3!$B$12 -> 19.2 | P5: =Sheet2!P5*Sheet3!$B$20 -> 19.2 | Q5: =Sheet2!Q5*Sheet3!$B$3 -> 0 | R5: =Sheet2!R5*Sheet3!$B$21 -> 0 | S5: =Sheet2!S5*Sheet3!$B$28 -> 0 | T5: =Sheet2!T5*Sheet3!$B$22 -> 0 | U5: =Sheet2!U5*Sheet3!$B$27 -> 0 | V5: =Sheet2!V5*Sheet3!$B$24 -> 0 | W5: =Sheet2!W5*Sheet3!$B$8 -> 1305.6 | X5: =Sheet2!X5*Sheet3!$B$9 -> 38.4 | Y5: =Sheet2!Y5*Sheet3!$B$18 -> 0 | Z5: =Sheet2!Z5*Sheet3!$B$26 -> 0 | AA5: =Sheet2!AA5*Sheet3!$B$19 -> 0 | AB5: =Sheet2!AB5*Sheet3!$B$29 -> 0 | AC5: 1017.6
A6: Public_3_Control | B6: =Sheet2!B6*Sheet3!$B$23 -> 1392 | C6: =Sheet2!C6*Sheet3!$B$15 -> 0 | D6: =Sheet2!D6*Sheet3!$B$25 -> 0 | E6: =Sheet2!E6*Sheet3!$B$16 -> 108 | F6: =Sheet2!F6*Sheet3!$B$2 -> 1218 | G6: =Sheet2!G6*Sheet3!$B$4 -> 0 | H6: =Sheet2!H6*Sheet3!$B$7 -> 2640 | I6: =Sheet2!I6*Sheet3!$B$5 -> 0 | J6: =Sheet2!J6*Sheet3!$B$6 -> 0 | K6: =Sheet2!K6*Sheet3!$B$10 -> 30 | L6: =Sheet2!L6*Sheet3!$B$13 -> 0 | M6: =Sheet2!M6*Sheet3!$B$11 -> 48 | N6: =Sheet2!N6*Sheet3!$B$14 -> 168 | O6: =Sheet2!O6*Sheet3!$B$12 -> 432 | P6: =Sheet2!P6*Sheet3!$B$20 -> 216 | Q6: =Sheet2!Q6*Sheet3!$B$3 -> 0 | R6: =Sheet2!R6*Sheet3!$B$21 -> 0 | S6: =Sheet2!S6*Sheet3!$B$28 -> 0 | T6: =Sheet2!T6*Sheet3!$B$22 -> 0 | U6: =Sheet2!U6*Sheet3!$B$27 -> 0 | V6: =Sheet2!V6*Sheet3!$B$24 -> 48 | W6: =Sheet2!W6*Sheet3!$B$8 -> 2304 | X6: =Sheet2!X6*Sheet3!$B$9 -> 0 | Y6: =Sheet2!Y6*Sheet3!$B$18 -> 90 | Z6: =Sheet2!Z6*Sheet3!$B$26 -> 0 | AA6: =Sheet2!AA6*Sheet3!$B$19 -> 0 | AB6: =Sheet2!AB6*Sheet3!$B$29 -> 0 | AC6: 1620
A7: Public_3_BoatLanding | B7: =Sheet2!B7*Sheet3!$B$23 -> 928 | C7: =Sheet2!C7*Sheet3!$B$15 -> 0 | D7: =Sheet2!D7*Sheet3!$B$25 -> 0 | E7: =Sheet2!E7*Sheet3!$B$16 -> 24 | F7: =Sheet2!F7*Sheet3!$B$2 -> 196 | G7: =Sheet2!G7*Sheet3!$B$4 -> 12 | H7: =Sheet2!H7*Sheet3!$B$7 -> 216 | I7: =Sheet2!I7*Sheet3!$B$5 -> 0 | J7: =Sheet2!J7*Sheet3!$B$6 -> 0 | K7: =Sheet2!K7*Sheet3!$B$10 -> 0 | L7: =Sheet2!L7*Sheet3!$B$13 -> 0 | M7: =Sheet2!M7*Sheet3!$B$11 -> 0 | N7: =Sheet2!N7*Sheet3!$B$14 -> 144 | O7: =Sheet2!O7*Sheet3!$B$12 -> 31 | P7: =Sheet2!P7*Sheet3!$B$20 -> 102 | Q7: =Sheet2!Q7*Sheet3!$B$3 -> 0 | R7: =Sheet2!R7*Sheet3!$B$21 -> 0 | S7: =Sheet2!S7*Sheet3!$B$28 -> 0 | T7: =Sheet2!T7*Sheet3!$B$22 -> 0 | U7: =Sheet2!U7*Sheet3!$B$27 -> 0 | V7: =Sheet2!V7*Sheet3!$B$24 -> 8 | W7: =Sheet2!W7*Sheet3!$B$8 -> 120 | X7: =Sheet2!X7*Sheet3!$B$9 -> 24 | Y7: =Sheet2!Y7*Sheet3!$B$18 -> 10 | Z7: =Sheet2!Z7*Sheet3!$B$26 -> 0 | AA7: =Sheet2!AA7*Sheet3!$B$19 -> 0 | AB7: =Sheet2!AB7*Sheet3!$B$29 -> 0 | AC7: 316
A8: Public_2_Control | B8: =Sheet2!B8*Sheet3!$B$23 -> 3744 | C8: =Sheet2!C8*Sheet3!$B$15 -> 0 | D8: =Sheet2!D8*Sheet3!$B$25 -> 0 | E8: =Sheet2!E8*Sheet3!$B$16 -> 36 | F8: =Sheet2!F8*Sheet3!$B$2 -> 756 | G8: =Sheet2!G8*Sheet3!$B$4 -> 108 | H8: =Sheet2!H8*Sheet3!$B$7 -> 3120 | I8: =Sheet2!I8*Sheet3!$B$5 -> 144 | J8: =Sheet2!J8*Sheet3!$B$6 -> 0 | K8: =Sheet2!K8*Sheet3!$B$10 -> 0 | L8: =Sheet2!L8*Sheet3!$B$13 -> 0 | M8: =Sheet2!M8*Sheet3!$B$11 -> 0 | N8: =Sheet2!N8*Sheet3!$B$14 -> 1392 | O8: =Sheet2!O8*Sheet3!$B$12 -> 648 | P8: =Sheet2!P8*Sheet3!$B$20 -> 12 | Q8: =Sheet2!Q8*Sheet3!$B$3 -> 0 | R8: =Sheet2!R8*Sheet3!$B$21 -> 0 | S8: =Sheet2!S8*Sheet3!$B$28 -> 0 | T8: =Sheet2!T8*Sheet3!$B$22 -> 0 | U8: =Sheet2!U8*Sheet3!$B$27 -> 0 | V8: =Sheet2!V8*Sheet3!$B$24 -> 48 | W8: =Sheet2!W8*Sheet3!$B$8 -> 2880 | X8: =Sheet2!X8*Sheet3!$B$9 -> 96 | Y8: =Sheet2!Y8*Sheet3!$B$18 -> 90 | Z8: =Sheet2!Z8*Sheet3!$B$26 -> 0 | AA8: =Sheet2!AA8*Sheet3!$B$19 -> 0 | AB8: =Sheet2!AB8*Sheet3!$B$29 -> 0 | AC8: 2412
A9: Public_2_BoatLanding | B9: =Sheet2!B9*Sheet3!$B$23 -> 2136 | C9: =Sheet2!C9*Sheet3!$B$15 -> 8 | D9: =Sheet2!D9*Sheet3!$B$25 -> 0 | E9: =Sheet2!E9*Sheet3!$B$16 -> 0 | F9: =Sheet2!F9*Sheet3!$B$2 -> 966 | G9: =Sheet2!G9*Sheet3!$B$4 -> 0 | H9: =Sheet2!H9*Sheet3!$B$7 -> 904 | I9: =Sheet2!I9*Sheet3!$B$5 -> 30 | J9: =Sheet2!J9*Sheet3!$B$6 -> 0 | K9: =Sheet2!K9*Sheet3!$B$10 -> 20 | L9: =Sheet2!L9*Sheet3!$B$13 -> 36 | M9: =Sheet2!M9*Sheet3!$B$11 -> 0 | N9: =Sheet2!N9*Sheet3!$B$14 -> 72 | O9: =Sheet2!O9*Sheet3!$B$12 -> 295 | P9: =Sheet2!P9*Sheet3!$B$20 -> 18 | Q9: =Sheet2!Q9*Sheet3!$B$3 -> 0 | R9: =Sheet2!R9*Sheet3!$B$21 -> 0 | S9: =Sheet2!S9*Sheet3!$B$28 -> 0 | T9: =Sheet2!T9*Sheet3!$B$22 -> 0 | U9: =Sheet2!U9*Sheet3!$B$27 -> 0 | V9: =Sheet2!V9*Sheet3!$B$24 -> 8 | W9: =Sheet2!W9*Sheet3!$B$8 -> 360 | X9: =Sheet2!X9*Sheet3!$B$9 -> 0 | Y9: =Sheet2!Y9*Sheet3!$B$18 -> 20 | Z9: =Sheet2!Z9*Sheet3!$B$26 -> 0 | AA9: =Sheet2!AA9*Sheet3!$B$19 -> 4 | AB9: =Sheet2!AB9*Sheet3!$B$29 -> 0 | AC9: 910
A10: CampSite_1_Control | B10: =Sheet2!B10*Sheet3!$B$23 -> 20544 | C10: =Sheet2!C10*Sheet3!$B$15 -> 0 | D10: =Sheet2!D10*Sheet3!$B$25 -> 0 | E10: =Sheet2!E10*Sheet3!$B$16 -> 0 | F10: =Sheet2!F10*Sheet3!$B$2 -> 11676 | G10: =Sheet2!G10*Sheet3!$B$4 -> 216 | H10: =Sheet2!H10*Sheet3!$B$7 -> 3072 | I10: =Sheet2!I10*Sheet3!$B$5 -> 0 | J10: =Sheet2!J10*Sheet3!$B$6 -> 0 | K10: =Sheet2!K10*Sheet3!$B$10 -> 0 | L10: =Sheet2!L10*Sheet3!$B$13 -> 1296 | M10: =Sheet2!M10*Sheet3!$B$11 -> 0 | N10: =Sheet2!N10*Sheet3!$B$14 -> 912 | O10: =Sheet2!O10*Sheet3!$B$12 -> 48 | P10: =Sheet2!P10*Sheet3!$B$20 -> 144 | Q10: =Sheet2!Q10*Sheet3!$B$3 -> 0 | R10: =Sheet2!R10*Sheet3!$B$21 -> 0 | S10: =Sheet2!S10*Sheet3!$B$28 -> 48 | T10: =Sheet2!T10*Sheet3!$B$22 -> 0 | U10: =Sheet2!U10*Sheet3!$B$27 -> 0 | V10: =Sheet2!V10*Sheet3!$B$24 -> 96 | W10: =Sheet2!W10*Sheet3!$B$8 -> 2304 | X10: =Sheet2!X10*Sheet3!$B$9 -> 96 | Y10: =Sheet2!Y10*Sheet3!$B$18 -> 0 | Z10: =Sheet2!Z10*Sheet3!$B$26 -> 0 | AA10: =Sheet2!AA10*Sheet3!$B$19 -> 0 | AB10: =Sheet2!AB10*Sheet3!$B$29 -> 0 | AC10: 5652
A11: CampSite_1_BoatLanding | B11: =Sheet2!B11*Sheet3!$B$23 -> 2368 | C11: =Sheet2!C11*Sheet3!$B$15 -> 0 | D11: =Sheet2!D11*Sheet3!$B$25 -> 48 | E11: =Sheet2!E11*Sheet3!$B$16 -> 0 | F11: =Sheet2!F11*Sheet3!$B$2 -> 12432 | G11: =Sheet2!G11*Sheet3!$B$4 -> 96 | H11: =Sheet2!H11*Sheet3!$B$7 -> 1344 | I11: =Sheet2!I11*Sheet3!$B$5 -> 48 | J11: =Sheet2!J11*Sheet3!$B$6 -> 0 | K11: =Sheet2!K11*Sheet3!$B$10 -> 0 | L11: =Sheet2!L11*Sheet3!$B$13 -> 0 | M11: =Sheet2!M11*Sheet3!$B$11 -> 0 | N11: =Sheet2!N11*Sheet3!$B$14 -> 928 | O11: =Sheet2!O11*Sheet3!$B$12 -> 152 | P11: =Sheet2!P11*Sheet3!$B$20 -> 48 | Q11: =Sheet2!Q11*Sheet3!$B$3 -> 0 | R11: =Sheet2!R11*Sheet3!$B$21 -> 0 | S11: =Sheet2!S11*Sheet3!$B$28 -> 0 | T11: =Sheet2!T11*Sheet3!$B$22 -> 0 | U11: =Sheet2!U11*Sheet3!$B$27 -> 0 | V11: =Sheet2!V11*Sheet3!$B$24 -> 0 | W11: =Sheet2!W11*Sheet3!$B$8 -> 704 | X11: =Sheet2!X11*Sheet3!$B$9 -> 128 | Y11: =Sheet2!Y11*Sheet3!$B$18 -> 0 | Z11: =Sheet2!Z11*Sheet3!$B$26 -> 0 | AA11: =Sheet2!AA11*Sheet3!$B$19 -> 32 | AB11: =Sheet2!AB11*Sheet3!$B$29 -> 0 | AC11: 2792
A12: Public_1_Control | B12: =Sheet2!B12*Sheet3!$B$23 -> 10880 | C12: =Sheet2!C12*Sheet3!$B$15 -> 0 | D12: =Sheet2!D12*Sheet3!$B$25 -> 0 | E12: =Sheet2!E12*Sheet3!$B$16 -> 48 | F12: =Sheet2!F12*Sheet3!$B$2 -> 4144 | G12: =Sheet2!G12*Sheet3!$B$4 -> 144 | H12: =Sheet2!H12*Sheet3!$B$7 -> 1728 | I12: =Sheet2!I12*Sheet3!$B$5 -> 192 | J12: =Sheet2!J12*Sheet3!$B$6 -> 128 | K12: =Sheet2!K12*Sheet3!$B$10 -> 120 | L12: =Sheet2!L12*Sheet3!$B$13 -> 64 | M12: =Sheet2!M12*Sheet3!$B$11 -> 0 | N12: =Sheet2!N12*Sheet3!$B$14 -> 416 | O12: =Sheet2!O12*Sheet3!$B$12 -> 216 | P12: =Sheet2!P12*Sheet3!$B$20 -> 384 | Q12: =Sheet2!Q12*Sheet3!$B$3 -> 56 | R12: =Sheet2!R12*Sheet3!$B$21 -> 32 | S12: =Sheet2!S12*Sheet3!$B$28 -> 0 | T12: =Sheet2!T12*Sheet3!$B$22 -> 0 | U12: =Sheet2!U12*Sheet3!$B$27 -> 0 | V12: =Sheet2!V12*Sheet3!$B$24 -> 320 | W12: =Sheet2!W12*Sheet3!$B$8 -> 1856 | X12: =Sheet2!X12*Sheet3!$B$9 -> 0 | Y12: =Sheet2!Y12*Sheet3!$B$18 -> 0 | Z12: =Sheet2!Z12*Sheet3!$B$26 -> 0 | AA12: =Sheet2!AA12*Sheet3!$B$19 -> 0 | AB12: =Sheet2!AB12*Sheet3!$B$29 -> 0 | AC12: 3096
A13: Public_1_BoatLanding | B13: =Sheet2!B13*Sheet3!$B$23 -> 768 | C13: =Sheet2!C13*Sheet3!$B$15 -> 0 | D13: =Sheet2!D13*Sheet3!$B$25 -> 36 | E13: =Sheet2!E13*Sheet3!$B$16 -> 0 | F13: =Sheet2!F13*Sheet3!$B$2 -> 840 | G13: =Sheet2!G13*Sheet3!$B$4 -> 36 | H13: =Sheet2!H13*Sheet3!$B$7 -> 4848 | I13: =Sheet2!I13*Sheet3!$B$5 -> 360 | J13: =Sheet2!J13*Sheet3!$B$6 -> 192 | K13: =Sheet2!K13*Sheet3!$B$10 -> 0 | L13: =Sheet2!L13*Sheet3!$B$13 -> 456 | M13: =Sheet2!M13*Sheet3!$B$11 -> 0 | N13: =Sheet2!N13*Sheet3!$B$14 -> 48 | O13: =Sheet2!O13*Sheet3!$B$12 -> 30 | P13: =Sheet2!P13*Sheet3!$B$20 -> 48 | Q13: =Sheet2!Q13*Sheet3!$B$3 -> 0 | R13: =Sheet2!R13*Sheet3!$B$21 -> 0 | S13: =Sheet2!S13*Sheet3!$B$28 -> 0 | T13: =Sheet2!T13*Sheet3!$B$22 -> 0 | U13: =Sheet2!U13*Sheet3!$B$27 -> 0 | V13: =Sheet2!V13*Sheet3!$B$24 -> 336 | W13: =Sheet2!W13*Sheet3!$B$8 -> 912 | X13: =Sheet2!X13*Sheet3!$B$9 -> 96 | Y13: =Sheet2!Y13*Sheet3!$B$18 -> 0 | Z13: =Sheet2!Z13*Sheet3!$B$26 -> 0 | AA13: =Sheet2!AA13*Sheet3!$B$19 -> 0 | AB13: =Sheet2!AB13*Sheet3!$B$29 -> 0 | AC13: 1266

Sheet Sheet2
A1: site_ID | B1: oligochaeta | C1: hirudinea | D1: planorbidae | E1: hydrachnidia | F1: amphipoda | G1: cambaridae | H1: chironomidae | I1: ceratopogonidae | J1: chaoboridae | K1: corduliidae | L1: ephemeridae | M1: ephemera | N1: heptageniidae | O1: ephemerellidae | P1: leptophlebiidae | Q1: caenidae | R1: metretopodidae | S1: sialis | T1: molannidae | U1: rhyacophilidae | V1: ostracoda | W1: cladocera | X1: copepoda | Y1: laccophilus | Z1: unknown_plecoptera | AA1: leptoceridae | AB1: sphaeriidae | AC1: total
A2: CampSite_26_Control | B2: 520 | C2: 0 | D2: 8 | E2: 8 | F2: 1232 | G2: 16 | H2: 168 | I2: 8 | J2: 0 | K2: 40 | L2: 144 | M2: 0 | N2: 128 | O2: 104 | P2: 48 | Q2: 0 | R2: 0 | S2: 0 | T2: 8 | U2: 8 | V2: 8 | W2: 280 | X2: 0 | Y2: 0 | Z2: 0 | AA2: 0 | AB2: 0 | AC2: 2728
A3: CampSite_26_BoatLanding | B3: 168 | C3: 0 | D3: 0 | E3: 0 | F3: 354 | G3: 0 | H3: 54 | I3: 0 | J3: 0 | K3: 3 | L3: 3 | M3: 0 | N3: 57 | O3: 18 | P3: 3 | Q3: 0 | R3: 0 | S3: 0 | T3: 0 | U3: 0 | V3: 0 | W3: 66 | X3: 0 | Y3: 6 | Z3: 3 | AA3: 3 | AB3: 0 | AC3: 738
A4: CampSite_47C_Control | B4: 552 | C4: 0 | D4: 0 | E4: 0 | F4: 12 | G4: 0 | H4: 76 | I4: 4 | J4: 0 | K4: 4 | L4: 0 | M4: 0 | N4: 0 | O4: 4 | P4: 0 | Q4: 0 | R4: 0 | S4: 0 | T4: 0 | U4: 0 | V4: 0 | W4: 228 | X4: 12 | Y4: 0 | Z4: 0 | AA4: 0 | AB4: 4 | AC4: 896
A5: CampSite_47C_BoatLanding | B5: 168 | C5: 0 | D5: 0 | E5: 0 | F5: 489.6 | G5: 4.8 | H5: 144 | I5: 4.8 | J5: 0 | K5: 0 | L5: 0 | M5: 0 | N5: 9.6 | O5: 19.2 | P5: 9.6 | Q5: 0 | R5: 0 | S5: 0 | T5: 0 | U5: 0 | V5: 0 | W5: 163.2 | X5: 4.8 | Y5: 0 | Z5: 0 | AA5: 0 | AB5: 0 | AC5: 1017.6
A6: Public_3_Control | B6: 174 | C6: 0 | D6: 0 | E6: 18 | F6: 174 | G6: 0 | H6: 330 | I6: 0 | J6: 0 | K6: 6 | L6: 0 | M6: 24 | N6: 42 | O6: 432 | P6: 108 | Q6: 0 | R6: 0 | S6: 0 | T6: 0 | U6: 0 | V6: 6 | W6: 288 | X6: 0 | Y6: 18 | Z6: 0 | AA6: 0 | AB6: 0 | AC6: 1620
A7: Public_3_BoatLanding | B7: 116 | C7: 0 | D7: 0 | E7: 4 | F7: 28 | G7: 2 | H7: 27 | I7: 0 | J7: 0 | K7: 0 | L7: 0 | M7: 0 | N7: 36 | O7: 31 | P7: 51 | Q7: 0 | R7: 0 | S7: 0 | T7: 0 | U7: 0 | V7: 1 | W7: 15 | X7: 3 | Y7: 2 | Z7: 0 | AA7: 0 | AB7: 0 | AC7: 316
A8: Public_2_Control | B8: 468 | C8: 0 | D8: 0 | E8: 6 | F8: 108 | G8: 18 | H8: 390 | I8: 24 | J8: 0 | K8: 0 | L8: 0 | M8: 0 | N8: 348 | O8: 648 | P8: 6 | Q8: 0 | R8: 0 | S8: 0 | T8: 0 | U8: 0 | V8: 6 | W8: 360 | X8: 12 | Y8: 18 | Z8: 0 | AA8: 0 | AB8: 0 | AC8: 2412
A9: Public_2_BoatLanding | B9: 267 | C9: 1 | D9: 0 | E9: 0 | F9: 138 | G9: 0 | H9: 113 | I9: 5 | J9: 0 | K9: 4 | L9: 9 | M9: 0 | N9: 18 | O9: 295 | P9: 9 | Q9: 0 | R9: 0 | S9: 0 | T9: 0 | U9: 0 | V9: 1 | W9: 45 | X9: 0 | Y9: 4 | Z9: 0 | AA9: 1 | AB9: 0 | AC9: 910
A10: CampSite_1_Control | B10: 2568 | C10: 0 | D10: 0 | E10: 0 | F10: 1668 | G10: 36 | H10: 384 | I10: 0 | J10: 0 | K10: 0 | L10: 324 | M10: 0 | N10: 228 | O10: 48 | P10: 72 | Q10: 0 | R10: 0 | S10: 12 | T10: 0 | U10: 0 | V10: 12 | W10: 288 | X10: 12 | Y10: 0 | Z10: 0 | AA10: 0 | AB10: 0 | AC10: 5652
A11: CampSite_1_BoatLanding | B11: 296 | C11: 0 | D11: 8 | E11: 0 | F11: 1776 | G11: 16 | H11: 168 | I11: 8 | J11: 0 | K11: 0 | L11: 0 | M11: 0 | N11: 232 | O11: 152 | P11: 24 | Q11: 0 | R11: 0 | S11: 0 | T11: 0 | U11: 0 | V11: 0 | W11: 88 | X11: 16 | Y11: 0 | Z11: 0 | AA11: 8 | AB11: 0 | AC11: 2792
A12: Public_1_Control | B12: 1360 | C12: 0 | D12: 0 | E12: 8 | F12: 592 | G12: 24 | H12: 216 | I12: 32 | J12: 16 | K12: 24 | L12: 16 | M12: 0 | N12: 104 | O12: 216 | P12: 192 | Q12: 8 | R12: 16 | S12: 0 | T12: 0 | U12: 0 | V12: 40 | W12: 232 | X12: 0 | Y12: 0 | Z12: 0 | AA12: 0 | AB12: 0 | AC12: 3096
A13: Public_1_BoatLanding | B13: 96 | C13: 0 | D13: 6 | E13: 0 | F13: 120 | G13: 6 | H13: 606 | I13: 60 | J13: 24 | K13: 0 | L13: 114 | M13: 0 | N13: 12 | O13: 30 | P13: 24 | Q13: 0 | R13: 0 | S13: 0 | T13: 0 | U13: 0 | V13: 42 | W13: 114 | X13: 12 | Y13: 0 | Z13: 0 | AA13: 0 | AB13: 0 | AC13: 1266

Sheet Sheet3
A1: taxa | B1: tolerance_score
A2: amphipoda | B2: 7
A3: caenidae | B3: 7
A4: cambaridae | B4: 6
A5: ceratopogonidae | B5: 6
A6: chaoboridae | B6: 8
A7: chironomidae | B7: 8
A8: cladocera | B8: 8
A9: copepoda | B9: 8
A10: corduliidae | B10: 5
A11: ephemera | B11: 2
A12: ephemerellidae | B12: 1
A13: ephemeridae | B13: 4
... A29: sphaeriidae | B29: 6
